자치구,시설,서비스명,접수,이용기간,URL
강남구,동부도로사업소 테니스장,동부 도로사업소 테니스장 A코트 평일야간 9월1일~15일,접수중,2026-09-01 ~ 2026-09-15,https://yeyak.seoul.go.kr/web/reservation/selectReservView.do?rsv_svc_id=S260824100654471156
강남구,동부도로사업소 테니스장,동부 도로사업소 테니스장 A코트 평일주간 9월1일~15일,접수중,2026-09-01 ~ 2026-09-15,https://yeyak.seoul.go.kr/web/reservation/selectReservView.do?rsv_svc_id=S260824100534692481
강동구,광나루 한강공원 테니스장,광나루 한강공원 테니스장 3번 코트 - 저녁,접수중,2026-09-01 ~ 2026-09-30,https://yeyak.seoul.go.kr/web/reservation/selectReservView.do?rsv_svc_id=S260830102245739313
강동구,광나루 한강공원 테니스장,광나루 한강공원 테니스장 3번 코트 - 평일,접수중,2026-09-01 ~ 2026-09-30,https://yeyak.seoul.go.kr/web/reservation/selectReservView.do?rsv_svc_id=S260830101216069243
강동구,광나루 한강공원 테니스장,광나루 한강공원 테니스장 4번 코트 - 평일,접수중,2026-09-01 ~ 2026-09-30,https://yeyak.seoul.go.kr/web/reservation/selectReservView.do?rsv_svc_id=S260830101514781996
강동구,광나루 한강공원 테니스장,광나루 한강공원 테니스장 5번 코트 - 저녁,접수중,2026-09-01 ~ 2026-09-30,https://yeyak.seoul.go.kr/web/reservation/selectReservView.do?rsv_svc_id=S260830102636932424
강동구,광나루 한강공원 테니스장,"광나루 한강공원 테니스장 5번 코트 - 주말,공휴일",접수중,2026-09-01 ~ 2026-09-30,https://yeyak.seoul.go.kr/web/reservation/selectReservView.do?rsv_svc_id=S260830103509443519
강동구,광나루 한강공원 테니스장,광나루 한강공원 테니스장 5번 코트 - 평일,접수중,2026-09-01 ~ 2026-09-30,https://yeyak.seoul.go.kr/web/reservation/selectReservView.do?rsv_svc_id=S260830101711617584
강동구,광나루 한강공원 테니스장,광나루 한강공원 테니스장 6번 코트 - 평일,접수중,2026-09-01 ~ 2026-09-30,https://yeyak.seoul.go.kr/web/reservation/selectReservView.do?rsv_svc_id=S260830101901691490
강동구,광나루 한강공원 테니스장,광나루 한강공원 테니스장 7번 코트 - 저녁,접수중,2026-09-01 ~ 2026-09-30,https://yeyak.seoul.go.kr/web/reservation/selectReservView.do?rsv_svc_id=S260830103006653543
강동구,광나루 한강공원 테니스장,광나루 한강공원 테니스장 7번 코트 - 평일,접수중,2026-09-01 ~ 2026-09-30,https://yeyak.seoul.go.kr/web/reservation/selectReservView.do?rsv_svc_id=S260830102052073827
강서구,서남물재생센터,서남센터 테니스장11번 코트,접수중,2021-04-10 ~ 2026-12-31,https://yeyak.seoul.go.kr/web/reservation/selectReservView.do?rsv_svc_id=S210224094844227739
강서구,서남물재생센터,서남센터 테니스장12번 코트,접수중,2021-04-10 ~ 2026-12-31,https://yeyak.seoul.go.kr/web/reservation/selectReservView.do?rsv_svc_id=S210224095950585838
강서구,서남물재생센터,"서남센터 테니스장1번 65세이상(가양1동,방화1동·3동) 전용코트",접수중,2021-04-10 ~ 2026-12-31,https://yeyak.seoul.go.kr/web/reservation/selectReservView.do?rsv_svc_id=S210218174815551697
강서구,서남물재생센터,"서남센터 테니스장2번 65세이상(가양1동,방화1동·3동) 전용코트",접수중,2021-04-10 ~ 2026-12-31,https://yeyak.seoul.go.kr/web/reservation/selectReservView.do?rsv_svc_id=S210219085555417413
강서구,서남물재생센터,"서남센터 테니스장3번 가양1동,방화1동·3동 전용코트",접수중,2021-04-10 ~ 2026-12-31,https://yeyak.seoul.go.kr/web/reservation/selectReservView.do?rsv_svc_id=S210219091235657961
강서구,서남물재생센터,"서남센터 테니스장4번 가양1동,방화1동·3동 전용코트",접수중,2021-04-10 ~ 2026-12-31,https://yeyak.seoul.go.kr/web/reservation/selectReservView.do?rsv_svc_id=S210219091554014528
강서구,서남물재생센터,서남센터 테니스장5번 코트,접수중,2021-04-10 ~ 2026-12-31,https://yeyak.seoul.go.kr/web/reservation/selectReservView.do?rsv_svc_id=S210219091826906010
강서구,서남물재생센터,서남센터 테니스장6번 코트,접수중,2021-04-10 ~ 2026-12-31,https://yeyak.seoul.go.kr/web/reservation/selectReservView.do?rsv_svc_id=S210219092004901944
강서구,서남물재생센터,서남센터 테니스장7번 코트,접수중,2021-04-10 ~ 2026-12-31,https://yeyak.seoul.go.kr/web/reservation/selectReservView.do?rsv_svc_id=S210219092115226884
고양시,난지물재생센터 테니스장,난지물재생센터 테니스장(주말),접수중,2025-02-01 ~ 2026-12-31,https://yeyak.seoul.go.kr/web/reservation/selectReservView.do?rsv_svc_id=S250210155727408893
고양시,난지물재생센터 테니스장,난지물재생센터 테니스장(평일),접수중,2025-01-01 ~ 2026-12-31,https://yeyak.seoul.go.kr/web/reservation/selectReservView.do?rsv_svc_id=S250114090501006336
관악구,선우공원,선우공원테니스장 B코트 평일주간,접수중,2026-09-01 ~ 2026-09-30,https://yeyak.seoul.go.kr/web/reservation/selectReservView.do?rsv_svc_id=S260824214307755296
구로구,계남근린공원,9월계남테니스야외코트(평일 06시~18시),접수중,2026-09-01 ~ 2026-09-30,https://yeyak.seoul.go.kr/web/reservation/selectReservView.do?rsv_svc_id=S260813154513471357
구로구,신도림테니스장,신도림테니스장 09월 평일 B코트 주간 접수(07시~19시 ),접수중,2026-09-01 ~ 2026-09-30,https://yeyak.seoul.go.kr/web/reservation/selectReservView.do?rsv_svc_id=S260810091528269073
동작구,동작구 테니스장,26년_1. 동작테니스장 / 평일 / 낮 8시~18시  / 1번코트,접수중,2026-01-01 ~ 2026-10-31,https://yeyak.seoul.go.kr/web/reservation/selectReservView.do?rsv_svc_id=S241231103622491414
동작구,동작구 테니스장,26년_1. 동작테니스장 / 평일 / 낮 8시~18시  / 3번코트,접수중,2026-01-01 ~ 2026-10-31,https://yeyak.seoul.go.kr/web/reservation/selectReservView.do?rsv_svc_id=S241231105012761501
동작구,동작구 테니스장,26년_4. 동작테니스장 / 평일 / 낮 8시~18시  / 2번코트,접수중,2026-01-01 ~ 2026-10-31,https://yeyak.seoul.go.kr/web/reservation/selectReservView.do?rsv_svc_id=S241227153756219266
동작구,동작구 테니스장,26년_동작테니스장 / 평일 / 낮 (8시~18시)  / 5번코트,접수중,2026-01-01 ~ 2026-10-31,https://yeyak.seoul.go.kr/web/reservation/selectReservView.do?rsv_svc_id=S241231205401190096
동작구,동작구 테니스장,26년_동작테니스장 / 평일 / 낮 8시~18시  / 6번코트,접수중,2026-01-01 ~ 2026-10-31,https://yeyak.seoul.go.kr/web/reservation/selectReservView.do?rsv_svc_id=S241231211524585150
동작구,보라매공원,"(주말, 공휴일) 보라매테니스장 4번코트",접수중,2026-05-15 ~ 2026-12-31,https://yeyak.seoul.go.kr/web/reservation/selectReservView.do?rsv_svc_id=S251210171312214396
동작구,보라매공원,"(주말, 공휴일) 보라매테니스장 5번코트",접수중,2026-05-15 ~ 2026-12-31,https://yeyak.seoul.go.kr/web/reservation/selectReservView.do?rsv_svc_id=S251210171627633917
동작구,보라매공원,보라매테니스장 1번코트 평일 주간,접수중,2026-05-15 ~ 2026-12-31,https://yeyak.seoul.go.kr/web/reservation/selectReservView.do?rsv_svc_id=S251210142256402044
동작구,보라매공원,보라매테니스장 2번코트 평일 주간,접수중,2026-05-15 ~ 2026-12-31,https://yeyak.seoul.go.kr/web/reservation/selectReservView.do?rsv_svc_id=S251210151352980059
동작구,보라매공원,보라매테니스장 3번코트 평일 주간,접수중,2026-05-15 ~ 2026-12-31,https://yeyak.seoul.go.kr/web/reservation/selectReservView.do?rsv_svc_id=S251210152811628713
동작구,보라매공원,보라매테니스장 4번코트 평일 주간,접수중,2026-05-15 ~ 2026-12-31,https://yeyak.seoul.go.kr/web/reservation/selectReservView.do?rsv_svc_id=S251210153906514329
동작구,보라매공원,보라매테니스장 5번코트 평일 주간,접수중,2026-05-15 ~ 2026-12-31,https://yeyak.seoul.go.kr/web/reservation/selectReservView.do?rsv_svc_id=S251210154416905678
마포구,난지한강테니스장,난지 한강공원 테니스장 1번 코트 평일,접수중,2026-09-01 ~ 2026-09-30,https://yeyak.seoul.go.kr/web/reservation/selectReservView.do?rsv_svc_id=S260824164154085128
마포구,난지한강테니스장,난지 한강공원 테니스장 2번 코트 평일,접수중,2026-09-01 ~ 2026-09-30,https://yeyak.seoul.go.kr/web/reservation/selectReservView.do?rsv_svc_id=S260824171025487822
마포구,망원나들목 테니스장,[평일]9월 망원나들목  2번 코트,접수중,2026-09-01 ~ 2026-09-30,https://yeyak.seoul.go.kr/web/reservation/selectReservView.do?rsv_svc_id=S260820113956166690
마포구,망원한강테니스장,망원 한강공원 테니스장 1번 코트 평일,접수중,2026-09-01 ~ 2026-09-30,https://yeyak.seoul.go.kr/web/reservation/selectReservView.do?rsv_svc_id=S260824181656887872
마포구,망원한강테니스장,망원 한강공원 테니스장 2번 코트 평일,접수중,2026-09-01 ~ 2026-09-30,https://yeyak.seoul.go.kr/web/reservation/selectReservView.do?rsv_svc_id=S260824181222727215
마포구,망원한강테니스장,망원 한강공원 테니스장 3번 코트 평일,접수중,2026-09-01 ~ 2026-09-30,https://yeyak.seoul.go.kr/web/reservation/selectReservView.do?rsv_svc_id=S260824180947671433
마포구,망원한강테니스장,망원 한강공원 테니스장 4번 코트 평일,접수중,2026-09-01 ~ 2026-09-30,https://yeyak.seoul.go.kr/web/reservation/selectReservView.do?rsv_svc_id=S260824180649338558
마포구,월드컵공원 테니스장,9월 월드컵공원 테니스장 A면 (평일주간) 이용 - 예약 8월18일(화) 13시,접수중,2026-09-01 ~ 2026-09-30,https://yeyak.seoul.go.kr/web/reservation/selectReservView.do?rsv_svc_id=S260811102050287065
마포구,월드컵공원 테니스장,9월 월드컵공원 테니스장 B면 (평일주간) 이용 - 예약 8월18일(화) 13시,접수중,2026-09-01 ~ 2026-09-30,https://yeyak.seoul.go.kr/web/reservation/selectReservView.do?rsv_svc_id=S260811103457709350
서대문구,가좌테니스장,가좌테니스장 평일 주간 B코트 9월1일~15일,접수중,2026-09-01 ~ 2026-09-15,https://yeyak.seoul.go.kr/web/reservation/selectReservView.do?rsv_svc_id=S260824095200970355
서대문구,홍은테니스장,홍은테니스장 주말 및 공휴일 야간 9월1일~15일,접수중,2026-09-01 ~ 2026-09-15,https://yeyak.seoul.go.kr/web/reservation/selectReservView.do?rsv_svc_id=S260824094945341832
서대문구,홍은테니스장,홍은테니스장 평일 주간 9월1일~15일,접수중,2026-09-01 ~ 2026-09-15,https://yeyak.seoul.go.kr/web/reservation/selectReservView.do?rsv_svc_id=S260824094818898770
서초구,잠원한강테니스장,잠원 한강공원 테니스장 1번 코트 평일,접수중,2026-09-01 ~ 2026-09-30,https://yeyak.seoul.go.kr/web/reservation/selectReservView.do?rsv_svc_id=S260825071254901232
서초구,잠원한강테니스장,잠원 한강공원 테니스장 2번 코트 평일,접수중,2026-09-01 ~ 2026-09-30,https://yeyak.seoul.go.kr/web/reservation/selectReservView.do?rsv_svc_id=S260825071007288229
서초구,잠원한강테니스장,잠원 한강공원 테니스장 3번 코트 평일,접수중,2026-09-01 ~ 2026-09-30,https://yeyak.seoul.go.kr/web/reservation/selectReservView.do?rsv_svc_id=S260825070349277963
성동구,서울숲 테니스장 테스트,서울숲 테니스장 평일,접수중,2026-01-01 ~ 2026-12-31,https://yeyak.seoul.go.kr/web/reservation/selectReservView.do?rsv_svc_id=S251203104822013240
성동구,응봉공원,테니스장1(평일)-2026년 응봉공원(대현산배수지),접수중,2026-01-01 ~ 2026-12-31,https://yeyak.seoul.go.kr/web/reservation/selectReservView.do?rsv_svc_id=S251121100349891778
성동구,응봉공원,테니스장2(평일)-2026년 응봉공원(대현산배수지),접수중,2026-01-01 ~ 2026-12-31,https://yeyak.seoul.go.kr/web/reservation/selectReservView.do?rsv_svc_id=S251121103012746640
성동구,테니스장,2026년 중랑물재생센터 테니스장 A,접수중,2026-01-01 ~ 2026-12-31,https://yeyak.seoul.go.kr/web/reservation/selectReservView.do?rsv_svc_id=S251125143910223242
성동구,테니스장,2026년 중랑물재생센터 테니스장 B,접수중,2026-01-01 ~ 2026-12-31,https://yeyak.seoul.go.kr/web/reservation/selectReservView.do?rsv_svc_id=S251125145129110357
성북구,월곡테니스장,9월_월곡테니스장 1번 코트(평일),접수중,2026-09-01 ~ 2026-09-30,https://yeyak.seoul.go.kr/web/reservation/selectReservView.do?rsv_svc_id=S260822071510325576
성북구,월곡테니스장,9월_월곡테니스장 3번 코트(평일),접수중,2026-09-01 ~ 2026-09-30,https://yeyak.seoul.go.kr/web/reservation/selectReservView.do?rsv_svc_id=S260822073352082185
성북구,월곡테니스장,9월_월곡테니스장 4번 코트(평일),접수중,2026-09-01 ~ 2026-09-30,https://yeyak.seoul.go.kr/web/reservation/selectReservView.do?rsv_svc_id=S260822074810134301
성북구,정릉테니스장,9월 정릉테니스장 A코트,접수중,2026-09-01 ~ 2026-09-29,https://yeyak.seoul.go.kr/web/reservation/selectReservView.do?rsv_svc_id=S260824220721788337
성북구,정릉테니스장,9월 정릉테니스장 B코트,접수중,2026-09-01 ~ 2026-09-28,https://yeyak.seoul.go.kr/web/reservation/selectReservView.do?rsv_svc_id=S260824221711752059
영등포구,남부도로사업소 테니스장,남부 도로사업소 테니스장 A코트 주말 및 공휴일 9월1일~15일,접수중,2026-09-01 ~ 2026-09-15,https://yeyak.seoul.go.kr/web/reservation/selectReservView.do?rsv_svc_id=S260824101717501969
영등포구,남부도로사업소 테니스장,남부 도로사업소 테니스장 A코트 평일야간 9월1일~15일,접수중,2026-09-01 ~ 2026-09-15,https://yeyak.seoul.go.kr/web/reservation/selectReservView.do?rsv_svc_id=S260824101528744755
영등포구,남부도로사업소 테니스장,남부 도로사업소 테니스장 A코트 평일주간 9월1일~15일,접수중,2026-09-01 ~ 2026-09-15,https://yeyak.seoul.go.kr/web/reservation/selectReservView.do?rsv_svc_id=S260824101332076895
영등포구,남부도로사업소 테니스장,남부 도로사업소 테니스장 B코트 주말 및 공휴일 9월1일~15일,접수중,2026-09-01 ~ 2026-09-15,https://yeyak.seoul.go.kr/web/reservation/selectReservView.do?rsv_svc_id=S260824101845845454
용산구,이촌 한강공원 테니스장,이촌 한강공원 테니스장 3번 코트 - 평일 주간,접수중,2026-09-01 ~ 2026-09-30,https://yeyak.seoul.go.kr/web/reservation/selectReservView.do?rsv_svc_id=S260829025042658615
용산구,이촌 한강공원 테니스장,이촌 한강공원 테니스장 4번 코트 - 평일 주간,접수중,2026-09-01 ~ 2026-09-30,https://yeyak.seoul.go.kr/web/reservation/selectReservView.do?rsv_svc_id=S260829025330628056
용산구,이촌 한강공원 테니스장,이촌 한강공원 테니스장 5번 코트 - 평일 주간,접수중,2026-09-01 ~ 2026-09-30,https://yeyak.seoul.go.kr/web/reservation/selectReservView.do?rsv_svc_id=S260829025518408469
용산구,이촌 한강공원 테니스장,이촌 한강공원 테니스장 6번 코트 - 평일 주간,접수중,2026-09-01 ~ 2026-09-30,https://yeyak.seoul.go.kr/web/reservation/selectReservView.do?rsv_svc_id=S260829025719124899
용산구,이촌 한강공원 테니스장,이촌 한강공원 테니스장 7번 코트 - 평일 주간,접수중,2026-09-01 ~ 2026-09-30,https://yeyak.seoul.go.kr/web/reservation/selectReservView.do?rsv_svc_id=S260829025929282373
용산구,한남테니스장,한남테니스장 10번코트,접수중,2026-09-01 ~ 2026-09-15,https://yeyak.seoul.go.kr/web/reservation/selectReservView.do?rsv_svc_id=S260828144920735119
용산구,한남테니스장,한남테니스장 11번코트,접수중,2026-09-01 ~ 2026-09-15,https://yeyak.seoul.go.kr/web/reservation/selectReservView.do?rsv_svc_id=S260828145503394750
용산구,한남테니스장,한남테니스장 1번코트,접수중,2026-09-01 ~ 2026-09-15,https://yeyak.seoul.go.kr/web/reservation/selectReservView.do?rsv_svc_id=S260828140205087478
용산구,한남테니스장,한남테니스장 2번코트,접수중,2026-09-01 ~ 2026-09-15,https://yeyak.seoul.go.kr/web/reservation/selectReservView.do?rsv_svc_id=S260828141420084899
용산구,한남테니스장,한남테니스장 3번코트,접수중,2026-09-01 ~ 2026-09-15,https://yeyak.seoul.go.kr/web/reservation/selectReservView.do?rsv_svc_id=S260828142312696708
용산구,한남테니스장,한남테니스장 4번코트,접수중,2026-09-01 ~ 2026-09-15,https://yeyak.seoul.go.kr/web/reservation/selectReservView.do?rsv_svc_id=S260828143056787143
용산구,한남테니스장,한남테니스장 5번코트,접수중,2026-09-01 ~ 2026-09-15,https://yeyak.seoul.go.kr/web/reservation/selectReservView.do?rsv_svc_id=S260828143557165379
용산구,한남테니스장,한남테니스장 6번코트,접수중,2026-09-01 ~ 2026-09-15,https://yeyak.seoul.go.kr/web/reservation/selectReservView.do?rsv_svc_id=S260828144049871114
용산구,한남테니스장,한남테니스장 8번코트,접수중,2026-09-01 ~ 2026-09-15,https://yeyak.seoul.go.kr/web/reservation/selectReservView.do?rsv_svc_id=S260828144542181722
용산구,한남테니스장,한남테니스장 9번코트,접수중,2026-09-01 ~ 2026-09-15,https://yeyak.seoul.go.kr/web/reservation/selectReservView.do?rsv_svc_id=S260828144751739361
중구,장충테니스장,9/1~9/15 장충테니스장 2번코트(평일주간),접수중,2026-09-01 ~ 2026-09-15,https://yeyak.seoul.go.kr/web/reservation/selectReservView.do?rsv_svc_id=S260816112614107668
중구,장충테니스장,9/1~9/15 장충테니스장 3번코트(평일주간),접수중,2026-09-01 ~ 2026-09-15,https://yeyak.seoul.go.kr/web/reservation/selectReservView.do?rsv_svc_id=S260816113037373721
중구,장충테니스장,9/1~9/15 장충테니스장 4번코트(평일주간),접수중,2026-09-01 ~ 2026-09-15,https://yeyak.seoul.go.kr/web/reservation/selectReservView.do?rsv_svc_id=S260816113225855371
중구,장충테니스장,9/1~9/15 장충테니스장 7번코트(평일주간),접수중,2026-09-01 ~ 2026-09-15,https://yeyak.seoul.go.kr/web/reservation/selectReservView.do?rsv_svc_id=S260816113426315718
중구,장충테니스장,9/1~9/15 장충테니스장 8번코트(평일주간),접수중,2026-09-01 ~ 2026-09-15,https://yeyak.seoul.go.kr/web/reservation/selectReservView.do?rsv_svc_id=S260816114440010853
중구,장충테니스장,9/1~9/15 장충테니스장 9번코트(평일주간),접수중,2026-09-01 ~ 2026-09-15,https://yeyak.seoul.go.kr/web/reservation/selectReservView.do?rsv_svc_id=S260816114702271650
